,0
0,0.6974715563709806
1,0.6974715563709806
2,0.6974715563709806
3,0.6974715563709806
4,0.6409987637799477
5,0.6078495606189422
6,0.5636576344534818
7,0.5045342014075562
8,0.48677697735732417
9,0.49285483497565474
10,0.48677697735732417
11,0.48677697735732417
12,0.48677697735732417
13,0.4681920510232893
14,0.45783735866669073
15,0.4466584794201284
16,0.4129165555253256
17,0.3966110660759361
18,0.3791688656042559
19,0.3737315731553811
20,0.3388403196766201
21,0.3360373015311271
22,0.317879599976982
23,0.2978123835793589
24,0.2759625742084803
25,0.2559263254562814
26,0.2509662503837082
27,0.2315137087357914
28,0.2084712853699452
29,0.1857328571416474
30,0.17277133431157443
31,0.14482240037456123
32,0.15086426314101414
33,0.11323382632236456
34,0.11575000658589002
35,0.0938366824341772
36,0.06841168821742416
37,0.04817453092414384
38,0.042542146211942994
39,0.013973271043456609
40,-0.012218905435081917
41,-0.009786330864682058
42,-0.023410556624871626
43,-0.03385410506564196
44,-0.06201452018754619
45,-0.07737787865569971
46,-0.08756843109975948
47,-0.10435556108738889
48,-0.09995195882528671
49,-0.12285443361917629
50,-0.12003549797074184
51,-0.1297120352426272
52,-0.1371459809092107
53,-0.15735160818403304
54,-0.1558869951666858
55,-0.1610891414707612
56,-0.17467378984026125
57,-0.17529324443919764
58,-0.180584974242591
59,-0.18256774696655137
60,-0.21538361378579923
61,-0.21732728578069285
62,-0.23534707630863164
63,-0.23621846224709847
64,-0.2558440253605063
65,-0.27925682495065585
66,-0.28853033268884665
67,-0.30056307683205435
68,-0.3099395732413346
69,-0.32112416325967863
70,-0.34104008137238123
71,-0.3594743132467911
72,-0.3734967785017361
73,-0.37431147004293847
74,-0.39802009131627053
75,-0.4027798145823155
76,-0.4163427808921056
77,-0.4255169327153577
78,-0.4410774186960381
79,-0.45502028244920756
80,-0.46789847928285877
81,-0.48119357454932704
82,-0.5045128537757277
83,-0.505178007661078
84,-0.5140044061170179
85,-0.5358909880575176
86,-0.5433250326499108
87,-0.5576617524883073
88,-0.564488111373678
89,-0.5796030759090982
90,-0.5922075141701331
91,-0.6012480373187494
92,-0.6171614983165097
93,-0.6328707065414527
94,-0.6445078879758139
95,-0.657346882232614
96,-0.6715231147843896
97,-0.6902057373870571
98,-0.6936961964490738
99,-0.7150235387626088
100,-0.7251824860982332
101,-0.7412409764214509
102,-0.7516410939140543
103,-0.7680287211830803
104,-0.7859561089711005
105,-0.7942553356316313
106,-0.8044142245188376
107,-0.821742821107762
108,-0.8325711626259971
109,-0.849394118413366
110,-0.8627816095597773
111,-0.8766692185964053
112,-0.8918772789815697
113,-0.9069832998403634
114,-0.9177640893594019
115,-0.9362350642196842
116,-0.9490285341799425
117,-0.9631111483249256
118,-0.977682866536262
119,-0.9952603515706052
120,-0.9974969463197023
121,-1.0275172070427372
122,-1.0344270019492148
123,-1.0571453921507443
124,-1.0591408654468029
125,-1.0745248433697092
126,-1.105188006251026
127,-1.0977612328388022
128,-1.1216431413692276
129,-1.13103972444823
130,-1.1378612056278081
131,-1.1442068446181919
132,-1.1507623344622382
133,-1.1581891701760783
134,-1.1655499361945927
135,-1.16808561150938
136,-1.1733679363992715
137,-1.1838862578017793
138,-1.1917133004195661
139,-1.1978786742745566
140,-1.2079211419976144
141,-1.2110952192641913
142,-1.2215087266462872
143,-1.2292352595182088
144,-1.2335013208759418
145,-1.2396114991298095
146,-1.2449285717677752
147,-1.2528302988085358
148,-1.315997952016558
149,-1.310457316964936
150,-1.338872323747684
151,-1.355898100106677
152,-1.3839898317829196
153,-1.399887384616067
154,-1.4079909720099981
155,-1.388683426513957
156,-1.391969120534068
157,-1.4614366458105057
158,-1.451199355261422
159,-1.4420056240673023
160,-1.5980176594745523
161,-1.6057056925605455
162,-1.5651268154104234
163,-1.5643023278104475
164,-1.6098057443255014
165,-1.51987525863425
166,-1.46493424458987
167,-1.4267009193023967
168,1.0635912679324107
169,1.1911350151116094
170,1.313372953674776
171,1.2834907700637572
172,1.2520554102586703
173,1.177603788168847
174,1.1526082519484988
175,1.1242485795335855
176,1.1046429491808225
177,1.087989313933167
178,1.0788452435627223
179,1.057022383453042
180,1.0282006218162656
181,1.0230406097283078
182,1.0172639117770568
183,1.0127371914639274
184,1.0136122561466283
185,1.0072316619393158
186,1.008809156580855
187,1.0055443784821874
188,0.9982334470494196
189,0.9992834294749235
190,0.9960462985348131
191,0.9855511214669006
192,0.9499468753986655
193,0.9402620927567165
194,0.9412384055080714
195,0.910719481426123
196,0.887456469378654
197,0.877277714100045
198,0.8639815497607857
199,0.8537391553592841
200,0.8405682234103877
201,0.827467174704617
202,0.8149958768749201
203,0.8003178452762472
204,0.789094511315695
205,0.7753743606631024
206,0.7626255853717785
207,0.7493438931738448
208,0.7378665560697321
209,0.7258719916654537
210,0.7104701425300077
211,0.7010270385818926
212,0.6974715563709806
213,0.6974715563709806
214,0.6974715563709806
215,0.6598972737005011
216,0.6116154508739828
217,0.5680176043490339
218,0.5127980487504908
219,0.48677697735732417
220,0.48677697735732417
221,0.48677697735732417
222,0.48677697735732417
223,0.48677697735732417
224,0.48677697735732417
225,0.47219996949214504
226,0.4491363950861391
227,0.44125115492695366
228,0.41911390413716687
229,0.4030075089021188
230,0.37574541114230053
231,0.3626879625373397
232,0.3455645823458199
233,0.3187018502051037
234,0.3043855702901237
235,0.2880462404344265
236,0.26174688485935615
237,0.24647201444392386
238,0.2509577285755883
239,0.20802370076319104
240,0.1943504237060909
241,0.180093883598468
242,0.16461399840622193
243,0.15143999394323748
244,0.11899754665673379
245,0.09358591529625565
246,0.09151936302288316
247,0.07610006104057557
248,0.0716915909711312
249,0.036672420347125256
250,0.029074294899542746
251,0.010956046861687746
252,-0.017391819563689626
253,-0.021421071808195358
254,-0.04407738023058
255,-0.061903035450851226
256,-0.06461597158899351
257,-0.08205116091263262
258,-0.09376040052349546
259,-0.10468791152675491
260,-0.10774712857803787
261,-0.11982194085072131
262,-0.11925183185239341
263,-0.1434111785883527
264,-0.13970907155886916
265,-0.15893487786937022
266,-0.16537072615035717
267,-0.17045008306673076
268,-0.17155818713013465
269,-0.17988084712603258
270,-0.18148962038678695
271,-0.19383922395732275
272,-0.2121503587088054
273,-0.22384947458375615
274,-0.23355889870813012
275,-0.27136539298285833
276,-0.27159387138558644
277,-0.2776361163822597
278,-0.3010961480314579
279,-0.3080676856034457
280,-0.31681859693027137
281,-0.3334398551233499
282,-0.34707934038698063
283,-0.35856179344880634
284,-0.37666558398890426
285,-0.38731129382972607
286,-0.4053167814198356
287,-0.4124207233678717
288,-0.4259004900562542
289,-0.43839585044239243
290,-0.45708198304082337
291,-0.4567084434170436
292,-0.48199454685445625
293,-0.48967127376028047
294,-0.5051690185226159
295,-0.5156190215476633
296,-0.5288141519113202
297,-0.541033706079807
298,-0.5526583552025336
299,-0.5481291333259964
300,-0.5805047197133245
301,-0.6097121202818598
302,-0.6061614551134789
303,-0.6183346990903626
304,-0.6334045323947898
305,-0.6484163131020739
306,-0.6592450813709737
307,-0.6730357588502196
308,-0.6854949959429836
309,-0.6994612713122751
310,-0.7084605625765847
311,-0.7281376761676758
312,-0.7389436665767102
313,-0.742634842400466
314,-0.7653039135579311
315,-0.779356062536104
316,-0.7938117240950584
317,-0.8057615376810191
318,-0.8234443931557616
319,-0.8359281615525171
320,-0.8480015651574629
321,-0.8554704457854106
322,-0.8740636627355665
323,-0.8863627868487673
324,-0.9028835245226128
325,-0.9227057893438377
326,-0.9230272362924284
327,-0.9471425267384668
328,-0.9563643735545329
329,-0.9771455180845021
330,-0.9907617253594965
331,-1.0110151396106295
332,-1.020793215892635
333,-1.0415965510475962
334,-1.0561090020280415
335,-1.0767187437857404
336,-1.0811239719896615
337,-1.1035325369714555
338,-1.1195150400775784
339,-1.126118273642044
340,-1.1320036221828271
341,-1.1366958897609167
342,-1.144338356884101
343,-1.1477160019540216
344,-1.142737592349584
345,-1.1589815528526102
346,-1.1671159056972373
347,-1.1816114434171912
348,-1.186571701515164
349,-1.1979751950947906
350,-1.2045001831928022
351,-1.2110611386108192
352,-1.2086275343911137
353,-1.2324308617964321
354,-1.2336385740518458
355,-1.2436445852695526
356,-1.3107499178811421
357,-1.311433042476938
358,-1.3323483145552228
359,-1.3556291377722731
360,-1.3669610474092004
361,-1.3953156950721932
362,-1.4006212761447008
363,-1.3841580293011408
364,-1.388764272834078
365,-1.384718730146934
366,-1.3792795174890364
367,-1.4854413455104196
368,-1.4367801563680258
369,-1.5315258240950398
370,-1.5672327461983817
371,-1.5564462308222025
372,-1.6041095915729309
373,-1.5305312392460062
374,-1.4576194969256933
375,-1.4170510551240842
376,-1.2265274809773086
377,1.2236751859836301
378,1.3012251123272998
379,1.3156601943362682
380,1.2505186332494418
381,1.2173226538035664
382,1.1594207617873646
383,1.1451243180820856
384,1.1226983158783774
385,1.1024524220087204
386,1.0875493545987407
387,1.0788091701461662
388,1.056825375227949
389,1.0288646799572578
390,1.0219870529866115
391,1.0213285092808224
392,1.015823816021883
393,1.013684416496401
394,1.0104225111160254
395,1.0088350218540705
396,0.9999118280378938
397,0.9966537318356772
398,0.9990748815569339
399,0.9972840688206559
400,0.976364604578551
401,0.948751070469549
402,0.9472191952548759
403,0.9413880825920415
404,0.9158141015076386
405,0.8899040063951356
406,0.8774840712781331
407,0.8673294076965374
408,0.8547398443693104
409,0.8406420498103451
410,0.8296287699077559
411,0.8156314908156027
412,0.8015266859494697
413,0.7899098395856041
414,0.7771324346740134
415,0.7644908595575117
416,0.7536707871976768
417,0.7371740190015127
418,0.7266813628530955
419,0.7159086590925177
420,0.7018691238948929
421,0.6974715563709806
422,0.6974715563709806
423,0.6974715563709806
424,0.6748330133642935
425,0.6152929088277934
426,0.5545624138972272
427,0.5103095912921476
428,0.48677697735732417
429,0.48677697735732417
430,0.48677697735732417
431,0.48677697735732417
432,0.48677697735732417
433,0.48677697735732417
434,0.4837664570234439
435,0.4499676395657667
436,0.43255119114552176
437,0.419372752664952
438,0.3964068256296429
439,0.3821012203148053
440,0.3561943672902602
441,0.3385139123035401
442,0.3226431863138305
443,0.30493474208719273
444,0.266385612573245
445,0.26626953015771415
446,0.23684578182201915
447,0.23430982000269568
448,0.20534549545809022
449,0.20889745402684334
450,0.20636902613554375
451,0.14839254084210474
452,0.13048754403529172
453,0.12726298367092437
454,0.09676022310114085
455,0.09077701176420372
456,0.075839229255074
457,0.03760526802137948
458,0.016008626802790415
459,0.034861504771074
460,-0.02260213349262441
461,-0.022211052055204072
462,-0.05094195359604435
463,-0.050627132747381204
464,-0.06089845481540648
465,-0.07701219316100093
466,-0.08753978643571789
467,-0.09126307085338392
468,-0.10138555564425306
469,-0.11942182426072544
470,-0.11244617967067672
471,-0.1395378808799225
472,-0.16169871935197877
473,-0.15453871789139662
474,-0.1583247066515383
475,-0.16680492129821367
476,-0.17090042250687795
477,-0.1787159108235985
478,-0.1812075914496953
479,-0.18961178847975255
480,-0.21871703740859588
481,-0.22200497483133877
482,-0.23743488464847773
483,-0.24799339818054825
484,-0.2561297384850019
485,-0.2765262172624658
486,-0.29997311648983305
487,-0.3100160695221469
488,-0.3222246734906341
489,-0.3287382792230464
490,-0.3444542061484365
491,-0.35620273895073806
492,-0.3814083008542276
493,-0.40268091160479225
494,-0.4034905548216599
495,-0.40965629104495604
496,-0.42932288651816053
497,-0.4387306462117521
498,-0.4513895155054556
499,-0.46790615342680064
500,-0.4814771905531961
501,-0.4901093297431195
502,-0.5102747388641191
503,-0.5173703632095178
504,-0.5275437909475293
505,-0.5390517412486675
506,-0.5483705953657472
507,-0.5810473143474071
508,-0.5775551032598247
509,-0.6047804934974735
510,-0.608527044797113
511,-0.6407348020091643
512,-0.6346229246478869
513,-0.6696493954729374
514,-0.6604710154060778
515,-0.6745026593781789
516,-0.685616990248725
517,-0.71435539172652
518,-0.7116040728830653
519,-0.7224800596940881
520,-0.7383240564222274
521,-0.7463030924078435
522,-0.7656015576940713
523,-0.7756655961188437
524,-0.7955347482903602
525,-0.8120420620358277
526,-0.8124606710277267
527,-0.8305475846210282
528,-0.8494179961256125
529,-0.8649834416262345
530,-0.8762560945595734
531,-0.8906169089529143
532,-0.9056484604364095
533,-0.8951864909019502
534,-0.9186237262834581
535,-0.9343441116972895
536,-0.9651549446968387
537,-0.9772520603516192
538,-0.9928535399579149
539,-1.005412982742577
540,-1.025784821354837
541,-1.040927854059375
542,-1.0592008311706198
543,-1.073103182689593
544,-1.0871119768145203
545,-1.072388491428637
546,-1.1162303822824553
547,-1.1163244699307882
548,-1.1306197893054226
549,-1.136183093040028
550,-1.1303113942789431
551,-1.1510583649261177
552,-1.1576816152752691
553,-1.1585411647531272
554,-1.1738384615443866
555,-1.1825400112488424
556,-1.1924694283864246
557,-1.2001921772042992
558,-1.2051763672665718
559,-1.2171405055564857
560,-1.225499027268473
561,-1.2343783374120316
562,-1.2354499899552296
563,-1.2393937374683208
564,-1.306929571910168
565,-1.3168260300108074
566,-1.341672113422574
567,-1.3642435049201898
568,-1.389188665185753
569,-1.4345948920018312
570,-1.4174101119992308
571,-1.4047346474050868
572,-1.4124378846045147
573,-1.418983551384444
574,-1.4918401435991693
575,-1.507542630678012
576,-1.5248184611931623
577,-1.57528821820084
578,-1.5916099154460852
579,-1.5909118725477231
580,-1.6150652249843915
581,-1.5403103843936157
582,-1.466413101282271
583,-1.4227391712757071
584,-1.2245522951958114
585,1.2250263017138043
586,1.304293461291572
587,1.3149728892765775
588,1.2540446995393513
589,1.2067148110521388
590,1.163076961859235
591,1.150108805882466
592,1.1226514981423477
593,1.1012049487960183
594,1.0890891743817745
595,1.0782649811074372
596,1.0560314234610249
597,1.0283726312059969
598,1.0232906014244973
599,1.0137219744150263
600,1.0158009550478977
601,1.0066451806293975
602,1.0124931235073114
603,1.0089401742653763
604,1.0019791575176595
605,0.9994400918654229
606,0.999116932838386
607,0.9905271204485446
608,0.9763656223152455
609,0.9511198672751424
610,0.9390933770197556
611,0.9269481936532178
612,0.9123406080667054
613,0.8871643638045732
614,0.8801484818657448
615,0.8660156906824965
616,0.8501861865296783
617,0.8405961583702333
618,0.8262335263631507
619,0.813908053108253
620,0.8026236534000141
621,0.7883564803801884
622,0.7752545153389871
623,0.7620345150556865
624,0.7523971387608415
625,0.7371649592121294
626,0.7244868864275078
627,0.7135676375289335
628,0.6998537323809952
629,0.6974715563709806
630,0.6974715563709806
631,0.6974715563709806
632,0.6593906701601386
633,0.6037943804665067
634,0.5477246357787856
635,0.4888471269662368
636,0.48677697735732417
637,0.48677697735732417
638,0.48677697735732417
639,0.48677697735732417
640,0.48677697735732417
641,0.47427016933914734
642,0.4712017056717891
643,0.441294917055459
644,0.4334048531149598
645,0.4075431974421696
646,0.38440515700324973
647,0.3666346418667378
648,0.36003780111133554
649,0.36470237845210274
650,0.33936057857128477
651,0.2904577735736005
652,0.30940301519255065
653,0.2480809662328658
654,0.243990713596399
655,0.22160391577427818
656,0.19789589980469907
657,0.17456017560669335
658,0.17351821374449167
659,0.14044270949265725
660,0.12190724305939615
661,0.09528946869497801
662,0.09721813719593358
663,0.07774331731940926
664,0.06995962286395396
665,0.028830959481999652
666,0.017123310625489663
667,0.012464383065431794
668,-0.000889730266067007
669,-0.040668846072073106
670,-0.039311798723905444
671,-0.04131679484565315
672,-0.06311245034532716
673,-0.09312159810581982
674,-0.08647092291415531
675,-0.1167670015119917
676,-0.11443396568891726
677,-0.11956942440743126
678,-0.12958030637397888
679,-0.14188242314290206
680,-0.1480483812815326
681,-0.15178155485826006
682,-0.1683520580794668
683,-0.17209139320282718
684,-0.18054357680595887
685,-0.2042335524172548
686,-0.1853555269813724
687,-0.19301701829873402
688,-0.21159018933172916
689,-0.23657146124777875
690,-0.24902023584139368
691,-0.2600789225854587
692,-0.27624260698503755
693,-0.28293968189337293
694,-0.29656974309358286
695,-0.3170714245761796
696,-0.32239198904119326
697,-0.3541439178187965
698,-0.3598182995175836
699,-0.3719866781197291
700,-0.3813928898838611
701,-0.39937838622794947
702,-0.4070990569928319
703,-0.4425272707708656
704,-0.4492088246350604
705,-0.449961354715407
706,-0.46637943710318763
707,-0.47421599333143993
708,-0.4918275193254765
709,-0.5068972663072606
710,-0.5138801034267106
711,-0.5304635306955283
712,-0.5386010574502802
713,-0.5526435733606847
714,-0.5694936266758976
715,-0.590029266543022
716,-0.588406589065544
717,-0.6082445537445702
718,-0.6162936228885922
719,-0.6335863140296927
720,-0.6447278981261287
721,-0.6584161805845686
722,-0.6744613976592453
723,-0.6825571681367868
724,-0.6975523203942322
725,-0.7141116245111896
726,-0.7245531976591846
727,-0.7342189561922039
728,-0.7496717688808512
729,-0.756401921795919
730,-0.7710283797279196
731,-0.7977842692618567
732,-0.7960156891171885
733,-0.8186823837722403
734,-0.8330774879470453
735,-0.842922856629176
736,-0.8608914144277761
737,-0.871060625940837
738,-0.8824577348568845
739,-0.9016945491975279
740,-0.9123863577165721
741,-0.9280218488307155
742,-0.9439494461573376
743,-0.9538146642297839
744,-0.9741427633705009
745,-0.9867297396135373
746,-1.0064545957628994
747,-1.0166289375548914
748,-1.038694810982118
749,-1.055689839068754
750,-1.0645725566902928
751,-1.078318255128579
752,-1.100895153213981
753,-1.1004272718810695
754,-1.119894425627919
755,-1.1285062663699776
756,-1.1257696733579516
757,-1.141456767408529
758,-1.14536490187786
759,-1.1547976260878854
760,-1.1566123537803836
761,-1.172944129362586
762,-1.161689062089563
763,-1.180496522219987
764,-1.1939311757968278
765,-1.2032684506299312
766,-1.2153539527853718
767,-1.2251652110229467
768,-1.2244240066722343
769,-1.240441125374993
770,-1.2358852812709382
771,-1.310115769275726
772,-1.3112102741866332
773,-1.3421188292001676
774,-1.3667009436950988
775,-1.3913007186407589
776,-1.4120042113403042
777,-1.4196489703454205
778,-1.4004644764388083
779,-1.4089702814291085
780,-1.4192165596151574
781,-1.4480703853070787
782,-1.5157867632167306
783,-1.5269972491938728
784,-1.6073629708902173
785,-1.6031828333519766
786,-1.5607800604562243
787,-1.610990134140906
788,-1.5415401118840117
789,-1.460622432622544
790,-1.4303592884250893
791,-1.226518554408794
792,1.2244277612445855
793,1.3028488297057368
794,1.3167388031144882
795,1.2493322106972062
796,1.2095071006483935
797,1.1592872312511957
798,1.138387879030968
799,1.1217918702518157
800,1.099605825016328
801,1.0852123598232777
802,1.0767301281487616
803,1.0523605401952887
804,1.029594720413001
805,1.0186799314924966
806,1.016984747443458
807,1.0106032754814687
808,1.0037177184523554
809,1.0066950893444364
810,1.0054570934024796
811,1.002670076819858
812,0.9887081499604919
813,0.9963639132164221
814,0.9951599455420626
815,0.9778183569652845
816,0.9401074758518317
817,0.9213171595369261
818,0.9084578208801752
819,0.8967941530050503
820,0.8741455176697999
821,0.8655414762881837
822,0.8530402230794616
823,0.8397954558176126
824,0.8261315669069972
825,0.8139709139008243
826,0.8015326673301308
827,0.786575782327416
828,0.7757423857675445
829,0.7624691535605892
830,0.7488126335840527
831,0.7354079803041509
832,0.7237406110259335
833,0.7121864632742025
834,0.6974715563709806
835,0.6974715563709806
836,0.6974715563709806
837,0.6974715563709806
838,0.6385392568423204
839,0.5911046948184444
840,0.5198271101733711
841,0.48677697735732417
842,0.48677697735732417
843,0.48677697735732417
844,0.48677697735732417
845,0.48677697735732417
846,0.48677697735732417
847,0.4710079769105022
848,0.44549463514344456
849,0.3895672516818217
850,0.4065318420347426
851,0.3944893139071166
852,0.3671091629170925
853,0.3562688822422312
854,0.3353540239822148
855,0.3094740952467534
856,0.29403638923675934
857,0.2755078102961676
858,0.2590427402870573
859,0.23515598129288962
860,0.2151100998368708
861,0.1867543275375919
862,0.16902434355777984
863,0.17804097580785022
864,0.1365118744873109
865,0.1281393438284154
866,0.09595669697890352
867,0.06852052482624912
868,0.059903318108882164
869,0.050656991523169076
870,0.02962496183891075
871,-0.0029269044170981418
872,-0.006817567244998879
873,-0.022267319487645182
874,-0.04374355010045783
875,-0.07390771887298747
876,-0.06655587943142158
877,-0.08160734225597335
878,-0.09253473448771726
879,-0.11765711515536156
880,-0.12936848539758639
881,-0.12036684980836546
882,-0.12530079462019475
883,-0.15260468552115186
884,-0.15715929813817395
885,-0.15975421549818014
886,-0.16455941708248642
887,-0.1728246959602887
888,-0.17929539084671864
889,-0.19475838054926703
890,-0.19193588431656555
891,-0.21026183087477338
892,-0.2193013100580721
893,-0.2405312500408331
894,-0.25348972176301476
895,-0.261159174782143
896,-0.28250006874175154
897,-0.29677494331531007
898,-0.30957014566510627
899,-0.3293307005380565
900,-0.3325748627328866
901,-0.3692400583596668
902,-0.3681625596465816
903,-0.37731849174350524
904,-0.39178847322358124
905,-0.4030323692736738
906,-0.4278822932089667
907,-0.4322431554538713
908,-0.4484737913061624
909,-0.4632354448577293
910,-0.469130109195605
911,-0.5100388664262593
912,-0.5048810515723342
913,-0.5218314088505498
914,-0.528615859398177
915,-0.5402712616744245
916,-0.5530759433687396
917,-0.5679355610669033
918,-0.5804019907189248
919,-0.6019862581423119
920,-0.5692650907630149
921,-0.6178077065339576
922,-0.6536426569558079
923,-0.6399796715958507
924,-0.6543619818870062
925,-0.6741629923604753
926,-0.6629603483046855
927,-0.6996382485167633
928,-0.7168890962066472
929,-0.6886538885488692
930,-0.7345448152831033
931,-0.7474632817027667
932,-0.7804090874901406
933,-0.7816804399013344
934,-0.7978664456958555
935,-0.7999840811869461
936,-0.8195870527725224
937,-0.8512430308145577
938,-0.8469800533156409
939,-0.8628337744381541
940,-0.8754828956722414
941,-0.8948056142766836
942,-0.8906289984642688
943,-0.9242114441940077
944,-0.9343879517544444
945,-0.9521587599515389
946,-0.9571561754108961
947,-0.9732542744326305
948,-0.9905015628328346
949,-1.0111226260012958
950,-1.0215261143926988
951,-1.0298883759416797
952,-1.0483806470302846
953,-1.0445088902476642
954,-1.090207493758817
955,-1.1025909497057866
956,-1.1201556844109453
957,-1.11005554528104
958,-1.116593438589939
959,-1.1379563087908593
960,-1.147574195642473
961,-1.1520624340472634
962,-1.166794364607273
963,-1.1629401241058632
964,-1.1696622279038436
965,-1.190054993432182
966,-1.2006869780926384
967,-1.211672029627915
968,-1.2211921563565231
969,-1.223314956361114
970,-1.2319224767482868
971,-1.2417852000035112
972,-1.3118032001352944
973,-1.322592204875376
974,-1.3472470729815194
975,-1.3660437250845847
976,-1.3948833197863675
977,-1.4131243450363176
978,-1.4311731679348396
979,-1.4184253347841018
980,-1.4049214099816858
981,-1.4091615182765673
982,-1.4167798615237168
983,-1.516055065966662
984,-1.5690756922711
985,-1.5485891336810875
986,-1.570206511030909
987,-1.5790899232278905
988,-1.6218670472397312
989,-1.5358237805228534
990,-1.4606802209002763
991,-1.4204677771035512
992,-1.220274598823588
993,1.2260971660355002
994,1.3155034798793006
995,1.320425711012056
996,1.2831807005977611
997,1.2055877163246893
998,1.1880484046469166
999,1.1484508933297932
1000,1.1333806766764138
1001,1.1069870531149988
1002,1.0982338898094945
1003,1.0834549797271003
1004,1.061195890554185
1005,1.0367778107838275
1006,1.0250883772358663
1007,1.0240005513442034
1008,1.0193379239572191
1009,1.0135809098411932
1010,1.0264300369642179
1011,1.0111403000544836
1012,1.0107232190053201
1013,0.9957632856138363
1014,1.0021197737748961
1015,0.9973946744257618
1016,0.9860964752420946
1017,0.984162004892456
1018,0.9706217330738705
1019,0.9713839464153327
1020,0.9406889609837006
1021,0.9144684520688984
1022,0.9045738686173483
1023,0.8950005648549841
1024,0.8829150896003286
1025,0.8722945744953736
1026,0.8591862645282091
1027,0.8474460273384681
1028,0.8379791115321162
1029,0.8253779294520749
1030,0.812948768208821
1031,0.7987926639482196
1032,0.7880782830408068
1033,0.7748195360894491
1034,0.7629789709318683
1035,0.7584561376963663
1036,0.7414131763519975
1037,0.7284131175053936
1038,0.7179615562075452
1039,0.7057927619208217
1040,0.6974715563709806
1041,0.6974715563709806
1042,0.6974715563709806
1043,0.6974715563709806
1044,0.6427053248260068
1045,0.6014092263418851
1046,0.5563410218647329
1047,0.5209356929749851
1048,0.48677697735732417
1049,0.48677697735732417
1050,0.48677697735732417
1051,0.48677697735732417
1052,0.48677697735732417
1053,0.48677697735732417
1054,0.48677697735732417
1055,0.48677697735732417
1056,0.4547944747789877
1057,0.44395864118649975
1058,0.4585609848639176
1059,0.4024634285702169
1060,0.3665448702374958
1061,0.3994493107016497
1062,0.3421823848179517
1063,0.3346812591696896
1064,0.30775042894932086
1065,0.3028093776157884
1066,0.2644330504781736
1067,0.2622241387855233
1068,0.24188173631989196
1069,0.22021753915692982
1070,0.19491558637228001
1071,0.18025935404707438
1072,0.17097037031182682
1073,0.15617486975330264
1074,0.1314153407566837
1075,0.12231729560686394
1076,0.10334884846375669
1077,0.08984197342421402
1078,0.062106138597187666
1079,0.05392284600410968
1080,0.030389766772576654
1081,0.0009945512272753476
1082,0.00883457839606111
1083,-0.0247861385257431
1084,-0.026658731304324973
1085,-0.05624946062507534
1086,-0.05200469392610213
1087,-0.07547159706685103
1088,-0.0815675499114616
1089,-0.10202174228231314
1090,-0.101629254785019
1091,-0.11736797459949826
1092,-0.1254462437279974
1093,-0.12643148545093724
1094,-0.15055940048658023
1095,-0.14855789783056483
1096,-0.15492927669573206
1097,-0.1630968548474204
1098,-0.1720046751487565
1099,-0.17683307092605427
1100,-0.1815438153638266
1101,-0.19497083108023977
1102,-0.21974748746505196
1103,-0.22297047033557527
1104,-0.23645834308003905
1105,-0.24338691271701224
1106,-0.26875949219329
1107,-0.2656137406185922
1108,-0.2930875588757511
1109,-0.2919340198600394
1110,-0.30286040439695583
1111,-0.3197527704123151
1112,-0.3354830935252393
1113,-0.3418107307473499
1114,-0.35911728773029306
1115,-0.3748644935512487
1116,-0.385872369041444
1117,-0.4029922209812071
1118,-0.4067455253302483
1119,-0.41559544651907854
1120,-0.4309201889020333
1121,-0.44653274450997704
1122,-0.461935444454891
1123,-0.46781286307880526
1124,-0.48729036151310623
1125,-0.497665721153025
1126,-0.5080235562627232
1127,-0.5204679776099431
1128,-0.5087080371989818
1129,-0.5436549193504484
1130,-0.5600808590715364
1131,-0.5719571317216662
1132,-0.594608606513038
1133,-0.5969226668821188
1134,-0.6124858360969754
1135,-0.6270015955790578
1136,-0.6406886017843182
1137,-0.6540708661146426
1138,-0.6620412908085668
1139,-0.6798325397302176
1140,-0.6934140930273426
1141,-0.7093152003923366
1142,-0.7252883328943295
1143,-0.7271853966608137
1144,-0.7496868249571303
1145,-0.7624398911984251
1146,-0.7834862817647045
1147,-0.7916567153743761
1148,-0.8052008015353554
1149,-0.8159605161247159
1150,-0.8360388565419357
1151,-0.8511355909076223
1152,-0.8534121098009517
1153,-0.8776139322854282
1154,-0.8964819183918391
1155,-0.9072588452318464
1156,-0.9252696028004994
1157,-0.9398667457292301
1158,-0.9560918363546583
1159,-0.9712109889828726
1160,-0.9858514319822975
1161,-1.0029634087354493
1162,-1.0227480307360093
1163,-1.0311017750925342
1164,-1.057721530725808
1165,-1.0727457351623375
1166,-1.091203622141971
1167,-1.1071238491477695
1168,-1.1197051610039679
1169,-1.1222071402208806
1170,-1.1368219696157298
1171,-1.142170903633612
1172,-1.152444800179578
1173,-1.1575678006380947
1174,-1.1610752366104529
1175,-1.1700411655119416
1176,-1.1756362627398882
1177,-1.1846846114236984
1178,-1.1911979379174702
1179,-1.1991902773684413
1180,-1.208951332300233
1181,-1.2177475032447884
1182,-1.2237330275290392
1183,-1.2272157190442576
1184,-1.2341180093274298
1185,-1.235490734725989
1186,-1.287121695742483
1187,-1.2946061204211583
1188,-1.314205364180344
1189,-1.333303610052846
1190,-1.352624357786164
1191,-1.3681819250952723
1192,-1.3759734221873399
1193,-1.3591160633646235
1194,-1.3586051052702877
1195,-1.3566999909160125
1196,-1.3450715631871026
1197,-1.4558909777656273
1198,-1.4723779615967327
1199,-1.4764376161157062
1200,-1.5210341613632872
1201,-1.5462218016807225
1202,-1.5870505587541621
1203,-1.5214964863790845
1204,-1.4480011406084439
1205,0.9974582696545167
1206,1.0349919157087575
1207,1.201611266132427
1208,1.2845595043017293
1209,1.2990077235772466
1210,1.2354103540964712
1211,1.1815071940715756
1212,1.132045407630421
1213,1.1058758105098996
1214,1.093510023641179
1215,1.0848124319534969
1216,1.0603908660773456
1217,1.0374018520469521
1218,1.0282511551578237
1219,1.019955014460089
1220,1.021018195752756
1221,1.017701227780768
1222,1.0138207735893978
1223,1.0139605478231788
1224,1.0083604122137515
1225,1.004668605108097
1226,1.0029764476981495
1227,1.0004579726365137
1228,0.9848612274734729
1229,0.9778408002158248
1230,0.9657414961822606
1231,0.9636347994809735
1232,0.9341004731577907
1233,0.9133599566567749
1234,0.9008900976029439
1235,0.8865565916986025
1236,0.8779806747171277
1237,0.8656246027976517
1238,0.8511223664281746
1239,0.8388511688301594
1240,0.8269339282689416
1241,0.8113313297963423
1242,0.7991388964770328
1243,0.788237081087946
1244,0.7767818360346161
1245,0.7653207021568599
1246,0.7523846076006848
1247,0.7416905830404357
1248,0.7298257266450173
1249,0.7171888348463908
1250,0.7052312432065584
1251,0.6974715563709806
1252,0.6974715563709806
1253,0.6974715563709806
1254,0.6893703853388657
1255,0.6374485816206121
1256,0.5875743281280772
1257,0.5381872689626952
1258,0.4942645114170554
1259,0.48677697735732417
1260,0.48677697735732417
1261,0.48677697735732417
1262,0.48677697735732417
1263,0.48677697735732417
1264,0.48677697735732417
1265,0.4774744087666989
1266,0.45469404612660813
1267,0.44379115228972155
1268,0.42365541296139986
1269,0.4127575610950346
1270,0.3884326689607642
1271,0.37011819429474224
1272,0.3534448382362294
1273,0.3346929275069598
1274,0.3082906616234638
1275,0.3071460208018853
1276,0.2764936683051768
1277,0.2633878419978376
1278,0.2488820293244174
1279,0.22914126295889253
1280,0.2159285725382648
1281,0.1831401828736831
1282,0.1792033682154217
1283,0.15330438856266443
1284,0.12915187043629228
1285,0.12777299505661677
1286,0.11253518767847287
1287,0.09787150201421568
1288,0.05803534120770282
1289,0.05191368078476752
1290,0.02290648295708536
1291,0.021419753478278347
1292,0.014607137722003838
1293,-0.01002414665881815
1294,-0.023627391377161217
1295,-0.03450383425105688
1296,-0.057854296208711645
1297,-0.06271494834639725
1298,-0.07666001694378882
1299,-0.1005920085244345
1300,-0.0961008656834838
1301,-0.10212352349858637
1302,-0.11224400255127504
1303,-0.12446781964117447
1304,-0.13428180123627337
1305,-0.14043328192087173
1306,-0.1521803116458877
1307,-0.16208333634382047
1308,-0.1682398643304572
1309,-0.17334871199673593
1310,-0.17797758901322716
1311,-0.1943323580390776
1312,-0.18985738712451428
1313,-0.20086357571683017
1314,-0.21476352953203706
1315,-0.2349380809984175
1316,-0.25642845074249854
1317,-0.2603401218830726
1318,-0.27710642313387074
1319,-0.2911655743337211
1320,-0.3065554546048593
1321,-0.3254591128502569
1322,-0.3349432217811716
1323,-0.34041066847284934
1324,-0.34789328020297594
1325,-0.37280532150455076
1326,-0.3751531287646716
1327,-0.3990838690294416
1328,-0.40680037969985294
1329,-0.4114259496628187
1330,-0.4302135124925327
1331,-0.44062514152013166
1332,-0.45916846281808826
1333,-0.4718547964005881
1334,-0.4808746350547397
1335,-0.49124429922517954
1336,-0.5029327433877153
1337,-0.5150562831737024
1338,-0.5271151308250593
1339,-0.5387235552901783
1340,-0.5550013638148633
1341,-0.5693796717840244
1342,-0.5786711640934085
1343,-0.5999708926363125
1344,-0.6059681215759872
1345,-0.6241600816201008
1346,-0.6345163212508707
1347,-0.6443235498027623
1348,-0.6584349851619044
1349,-0.673688281955249
1350,-0.6839647499634639
1351,-0.6954973877973745
1352,-0.710008770642919
1353,-0.7270615865231416
1354,-0.7416252689797216
1355,-0.754906088058503
1356,-0.7658588858922932
1357,-0.7713550502047822
1358,-0.7944092559354368
1359,-0.8110760057186988
1360,-0.825924836269472
1361,-0.8244997804046665
1362,-0.8486597533053393
1363,-0.8679712196886766
1364,-0.8764579061125526
1365,-0.8969739540427608
1366,-0.9132174284409098
1367,-0.9267590733933044
1368,-0.9436693960319404
1369,-0.9602383703499315
1370,-0.9745925752848985
1371,-0.988802440638551
1372,-1.0054170979301007
1373,-1.0213658159671408
1374,-1.0448225241257392
1375,-1.0543040711677032
1376,-1.0686081902853175
1377,-1.095439583483615
1378,-1.1099189030697785
1379,-1.118363718609093
1380,-1.1234236062946104
1381,-1.127074314374309
1382,-1.143279002826743
1383,-1.1423313001603306
1384,-1.1562554472643674
1385,-1.1630909373570928
1386,-1.1689025006688776
1387,-1.1741959510053228
1388,-1.1865222896586112
1389,-1.1948268439161116
1390,-1.2024692237798802
1391,-1.2131452104193527
1392,-1.2184590847245214
1393,-1.2265454733524432
1394,-1.2286027598944984
1395,-1.2763517872207695
1396,-1.2949345535512857
1397,-1.317370036485395
1398,-1.337221121130621
1399,-1.358932856561011
1400,-1.377185940695544
1401,-1.3816634886726804
1402,-1.3612131223241306
1403,-1.3603084122768756
1404,-1.354601468468859
1405,-1.3467060383182659
1406,-1.391840557246145
1407,-1.5093605302178421
1408,-1.5024056949581344
1409,-1.4797339963925533
1410,-1.5579571867135336
1411,-1.5998731780565172
1412,-1.5325543101149208
1413,-1.4568566202217288
1414,-1.4185527528134445
1415,-1.2274532884498037
1416,1.2231002611674153
1417,1.3048661491272249
1418,1.3142462115425277
1419,1.2602979530592804
1420,1.202432029080922
1421,1.1688445669157288
1422,1.149481529513281
1423,1.1278692890794715
1424,1.1033908245888178
1425,1.0929760921760026
1426,1.0809817749126083
1427,1.0597946353307355
1428,1.032876716935982
1429,1.024239948272364
1430,1.0218629544182638
1431,1.0154563818139972
1432,1.0159377024142426
1433,1.0145412647521173
1434,1.0067159487877246
1435,1.003010001577535
1436,1.0021794328380327
1437,1.0004755520361432
1438,0.9993068018242273
1439,0.9838246762973855
1440,0.964596999176903
1441,0.9472833183376785
1442,0.9387239310954618
1443,0.9166699633410511
1444,0.8966917016244487
1445,0.8883109066304165
1446,0.8736537915887523
1447,0.8609463383051583
1448,0.8504367520469616
1449,0.8345104317024401
1450,0.8241534786618627
1451,0.8105280211125809
1452,0.7969735950571462
1453,0.7845447039424204
1454,0.7710863444434605
1455,0.7604564583228324
1456,0.748942980401754
1457,0.7350627757497958
1458,0.7215237445221314
1459,0.7111550203303145
1460,0.6997087917225289
1461,0.6974715563709806
1462,0.6974715563709806
1463,0.6974715563709806
1464,0.6640716209178817
1465,0.6047979042664202
1466,0.5597785410981002
1467,0.5540134757187269
1468,0.48677697735732417
1469,0.48677697735732417
1470,0.48677697735732417
1471,0.48677697735732417
1472,0.48677697735732417
1473,0.48677697735732417
1474,0.4749674609383876
1475,0.45880016200253837
1476,0.4398664555302221
1477,0.43279281786110646
1478,0.4235531374703452
1479,0.3864063896012616
1480,0.3687182429108711
1481,0.3497443119144271
1482,0.3229079308595732
1483,0.3108198466564317
1484,0.29018126196295935
1485,0.2814380318396792
1486,0.2615980590460236
1487,0.23921461948064038
1488,0.2226933904963283
1489,0.21141842713403092
1490,0.19387980824002682
1491,0.16987845412659375
1492,0.1413491565198829
1493,0.13580489318369499
1494,0.12594897981935688
1495,0.10259500453252984
1496,0.07225796995992476
1497,0.08056705051015334
1498,0.03829574567747146
1499,0.021200196187712655
1500,0.024711116450493842
1501,0.004400902173162108
1502,-0.023872251250929455
1503,-0.026573343954530287
1504,-0.03933267465885146
1505,-0.07562853759200525
1506,-0.06850259802906122
1507,-0.08277107002884797
1508,-0.0807917068752621
1509,-0.11030271400900202
1510,-0.10867723319996797
1511,-0.11648422509003135
1512,-0.13666552554127515
1513,-0.14518272168581914
1514,-0.1655589038746401
1515,-0.15304318394393307
1516,-0.16531115915809227
1517,-0.16966793417798992
1518,-0.18357367741282155
1519,-0.18093526033684065
1520,-0.181907069847578
1521,-0.19701909737764398
1522,-0.208603660683019
1523,-0.21687795425455758
1524,-0.2314125821772891
1525,-0.2519773910900442
1526,-0.26518678918770133
1527,-0.2790862493778004
1528,-0.293671232734891
1529,-0.3028920389934706
1530,-0.3207662467942676
1531,-0.33315071916015043
1532,-0.341616636769805
1533,-0.36457636647466657
1534,-0.3751497245131588
1535,-0.4126622237926038
1536,-0.4013639170017128
1537,-0.4068231703210048
1538,-0.4228114262156675
1539,-0.43616869252162727
1540,-0.45283081217135973
1541,-0.4631012233340329
1542,-0.4750224165847609
1543,-0.48540632819719925
1544,-0.509657433827862
1545,-0.5100492691219098
1546,-0.522963605000981
1547,-0.5395345727625842
1548,-0.5478068472092041
1549,-0.561740037610641
1550,-0.5781838560642456
1551,-0.5889839106410559
1552,-0.6070930750531138
1553,-0.6156266675887724
1554,-0.6268135310523344
1555,-0.6388999253351187
1556,-0.6553996527536816
1557,-0.6634460688019999
1558,-0.6801367418818924
1559,-0.6958887804593248
1560,-0.7099347345918212
1561,-0.7230331324347216
1562,-0.7359338876434167
1563,-0.7550244525333552
1564,-0.761880374600169
1565,-0.772381977728396
1566,-0.7906708237176434
1567,-0.799536365346672
1568,-0.8158759997121557
1569,-0.8296968682601144
1570,-0.8450919943560076
1571,-0.8592715856582758
1572,-0.8707809353395837
1573,-0.8889870979402694
1574,-0.9062114995775203
1575,-0.9180021418252048
1576,-0.9347362795547205
1577,-0.9502026509326574
1578,-0.9678857381238231
1579,-0.9795492923941052
1580,-0.994586776989265
1581,-1.0050491088277307
1582,-1.0266123218743732
1583,-1.037223652422688
1584,-1.062714572082826
1585,-1.0799995556115431
1586,-1.0928110712619152
1587,-1.1021320205376155
1588,-1.1218922074485196
1589,-1.1282903296819748
1590,-1.1345994395659826
1591,-1.1315738344472042
1592,-1.1435093505741327
1593,-1.1518498650286324
1594,-1.1619051738352986
1595,-1.1663338498645115
1596,-1.171146713665656
1597,-1.1801004151824959
1598,-1.1916795600104888
1599,-1.1965334758962012
1600,-1.209926639305909
1601,-1.2207231003633547
1602,-1.2239591884662109
1603,-1.2297173119390221
1604,-1.23240915920591
1605,-1.3029711475032046
1606,-1.2966706426174868
1607,-1.3262006247246516
1608,-1.336299244844294
1609,-1.368414336488072
1610,-1.3715184984489002
1611,-1.3897632821960069
1612,-1.3714668436135278
1613,-1.3718583740264894
1614,-1.373398672095683
1615,-1.367176081660471
1616,-1.4375607149298255
1617,-1.4853341485548623
1618,-1.5684039984474196
1619,-1.559296757448948
1620,-1.5644274011562327
1621,-1.6229143507978927
1622,-1.5401492353986832
1623,-1.4595945641845836
1624,-1.4210550862234084
1625,1.0644612826566824
1626,1.1950052881038413
1627,1.3108020413819097
1628,1.2881906650372805
1629,1.2558333121626655
1630,1.1909016210053582
1631,1.1424303243662934
1632,1.126910128972462
1633,1.1060508039702173
1634,1.0903182725267324
1635,1.0828680464027505
1636,1.0598066046843915
1637,1.035909890367373
1638,1.0227205357613103
1639,1.0226025165184662
1640,1.014182691300009
1641,1.0159638233401185
1642,1.0091759501168136
1643,1.0034095401729837
1644,1.0056609493881823
1645,1.0028904276777535
1646,0.9980662439912342
1647,0.9983366595774799
1648,0.9844290664749678
1649,0.9679571723450202
1650,0.957202603935889
1651,0.9462680787498305
1652,0.9232427761867465
1653,0.8995785995099965
1654,0.8881759026311042
1655,0.8749814737615131
1656,0.8625244584431877
1657,0.8508038926733525
1658,0.837035442973286
1659,0.8243295477312235
1660,0.8115854186050262
1661,0.7981767385643151
1662,0.7853205655086324
1663,0.7715994924263497
1664,0.7612544041308427
1665,0.7475149781357279
1666,0.7362938612832852
1667,0.7237376290491251
1668,0.7082775074255316
1669,0.7018074919102272
1670,0.6974715563709806
1671,0.6974715563709806
1672,0.6974715563709806
1673,0.6647213839535651
1674,0.6118925133384158
1675,0.5530394636004082
1676,0.5486026326123347
1677,0.48677697735732417
1678,0.48677697735732417
1679,0.48677697735732417
1680,0.48677697735732417
1681,0.48677697735732417
1682,0.48677697735732417
1683,0.47056936776503255
1684,0.4554374024853347
1685,0.4455802695999451
1686,0.4200409184255608
1687,0.4045981705102617
1688,0.3801340049104688
1689,0.38350742771536706
1690,0.35451864340248695
1691,0.32471828535862257
1692,0.3078968130846627
1693,0.29190713866320117
1694,0.28091286984586894
1695,0.2506284440508017
1696,0.2280040817633372
1697,0.22681529881092177
1698,0.20708126361420487
1699,0.18785172835718816
1700,0.16040214568730482
1701,0.15118795857626177
1702,0.13133728338529882
1703,0.10580756530767527
1704,0.10571163620849833
1705,0.08878579265327069
1706,0.053883385828804864
1707,0.05327727857380685
1708,0.025504001891193312
1709,0.023475142462826254
1710,-3.485437209502229e-05
1711,-0.03221072787869725
1712,-0.03732210186381538
1713,-0.06945356522789775
1714,-0.06423875461674523
1715,-0.07918995208886988
1716,-0.07813572156764398
1717,-0.09840709250964567
1718,-0.11052241852859213
1719,-0.12471158555668847
1720,-0.1258966183349398
1721,-0.13676477746825372
1722,-0.13999319494030005
1723,-0.15107416227529302
1724,-0.16024504961492028
1725,-0.1656374895717325
1726,-0.1700330230404291
1727,-0.18198748842917117
1728,-0.18263595099809216
1729,-0.184685205371592
1730,-0.2041091698041815
1731,-0.21657459412328456
1732,-0.2406325471938931
1733,-0.23832661011447376
1734,-0.26419729952567883
1735,-0.2808159088769364
1736,-0.28860987436270047
1737,-0.276439811650899
1738,-0.3179492193284309
1739,-0.3289828657846363
1740,-0.3398547523068422
1741,-0.3579688395792333
1742,-0.38357956047506814
1743,-0.38224993790647005
1744,-0.39663113365620284
1745,-0.4103985345582627
1746,-0.41335435223573536
1747,-0.43875193159551207
1748,-0.44551985989483267
1749,-0.460277417547379
1750,-0.4735726297332843
1751,-0.4887025593782349
1752,-0.5028808664936262
1753,-0.5134962029344033
1754,-0.5226119699460029
1755,-0.5369050132951847
1756,-0.5493065539785902
1757,-0.5841856139062116
1758,-0.5650859361815179
1759,-0.5903580275491642
1760,-0.6025239299348069
1761,-0.6200959516488889
1762,-0.6281428242279584
1763,-0.6448831343684462
1764,-0.6622350133447015
1765,-0.6695491987941272
1766,-0.6827353249450154
1767,-0.6953267384551065
1768,-0.7090343053144157
1769,-0.7247849542367641
1770,-0.7356395804523241
1771,-0.7492522600934397
1772,-0.7654326937726741
1773,-0.7812925689030445
1774,-0.7912443302489551
1775,-0.8115137443513785
1776,-0.8196946860907257
1777,-0.8317584351970191
1778,-0.85082032194965
1779,-0.8621066482232864
1780,-0.8744811720243721
1781,-0.8899485834992903
1782,-0.9038164499712231
1783,-0.9129966440719848
1784,-0.9211881836872358
1785,-0.9472560758742512
1786,-0.9493950894407219
1787,-0.9803616037252909
1788,-0.9914862698800697
1789,-1.0140698236398993
1790,-1.0266527840267445
1791,-1.0390863070716965
1792,-1.0639916697248994
1793,-1.0650755614447691
1794,-1.096112747293357
1795,-1.112780727288593
1796,-1.121139139002509
1797,-1.1212854752450159
1798,-1.1279914986649606
1799,-1.1410430885844836
1800,-1.1486185925318737
1801,-1.1422857401696953
1802,-1.162540643430376
1803,-1.1675320220782925
1804,-1.1775979545057895
1805,-1.1868881538451435
1806,-1.1972488189465547
1807,-1.2050808956984187
1808,-1.2096895270877583
1809,-1.2176175178857622
1810,-1.226681854658715
1811,-1.2214005783479687
1812,-1.2944461619313168
1813,-1.3021618062826479
1814,-1.3225182103733943
1815,-1.3377325060838885
1816,-1.3673415963911713
1817,-1.3790591363766151
1818,-1.389374087575804
1819,-1.3669863666634152
1820,-1.3653464270749511
1821,-1.3624654769205726
1822,-1.3638603947831043
1823,-1.4323133101227947
1824,-1.5290691544569193
1825,-1.561019737469637
1826,-1.5569011331639895
1827,-1.5503787173121608
1828,-1.596333102102557
1829,-1.5344167213875313
1830,-1.4568745258695006
1831,-1.4176749790566556
1832,-1.227913122840894
1833,1.2238656204517377
1834,1.3022417202325711
1835,1.3159084975990176
1836,1.2481544876520037
1837,1.2144399179079772
1838,1.170630044777966
1839,1.140908676148725
1840,1.1243438252652513
1841,1.104151990282766
1842,1.0876688035458875
1843,1.0785239959656938
1844,1.056234395334015
1845,1.0285311633322178
1846,1.0206627077622854
1847,1.0166172673268874
1848,1.0156431641872217
1849,1.0064634600836166
1850,1.0122441927394166
1851,1.008310693390302
1852,1.0049438983116572
1853,0.9927139505982745
1854,0.9970227569886627
1855,0.9963026724784356
1856,0.9842556451734334
1857,0.9546890025141588
1858,0.9376270577870498
1859,0.9409177962085973
1860,0.9082342450501657
1861,0.8869214676238766
1862,0.876887289034709
1863,0.8627486797035488
1864,0.8496795573477949
1865,0.8368755581703664
1866,0.8257295206422917
1867,0.8108110387902443
1868,0.7988265940253796
1869,0.7920584213069544
1870,0.7756511719705289
1871,0.7587206523773078
1872,0.7476600343364131
1873,0.7337242198814812
1874,0.7193912121787959
1875,0.70977245372683
1876,0.6976893453980799
1877,0.6974715563709806
1878,0.6974715563709806
1879,0.6974715563709806
1880,0.6622671997324315
1881,0.5976857407409117
1882,0.5297473880100935
1883,0.48677697735732417
1884,0.48677697735732417
1885,0.48677697735732417
1886,0.48677697735732417
1887,0.48677697735732417
1888,0.48677697735732417
1889,0.4742896384621601
1890,0.46393798413825504
1891,0.4489662918039691
1892,0.41860554958172336
1893,0.4028361656101541
1894,0.39043864555271834
1895,0.37220776271520184
1896,0.3506342450242319
1897,0.3242544075648654
1898,0.3086207111522964
1899,0.3240547370684504
1900,0.2883303592039185
1901,0.2648989761788036
1902,0.25268271318231755
1903,0.21663950223550432
1904,0.20479940404255037
1905,0.1767700364377175
1906,0.16963074632224007
1907,0.14966374473965888
1908,0.13596084303852302
1909,0.1208992816989286
1910,0.09384608903631109
1911,0.08611975476952799
1912,0.05187474391315869
1913,0.04323292219574093
1914,0.025722496885570267
1915,0.018175411046502277
1916,-0.012438117015698136
1917,-0.050885345117857694
1918,-0.05165494057945243
1919,-0.06200270629628278
1920,-0.07112153726695297
1921,-0.07631431417781648
1922,-0.09083248837000979
1923,-0.11336891915226996
1924,-0.11269885178844533
1925,-0.11434196910780065
1926,-0.12991202228570556
1927,-0.13117659342373927
1928,-0.1371654210892271
1929,-0.16120092116459472
1930,-0.16286545846526346
1931,-0.1738573797820832
1932,-0.17594134738338102
1933,-0.17974961036253326
1934,-0.18820081982893277
1935,-0.19890723974424437
1936,-0.22292338761534525
1937,-0.22738451392096565
1938,-0.2418203111042584
1939,-0.258779246006758
1940,-0.26922327216505143
1941,-0.2865108070967096
1942,-0.312057177622479
1943,-0.30669304001563824
1944,-0.33162274871162445
1945,-0.3414673087633865
1946,-0.350014103206316
1947,-0.3602210572221741
1948,-0.38612068066761307
1949,-0.3924261313476247
1950,-0.41171284847061046
1951,-0.42417964210152326
1952,-0.43035405693676176
1953,-0.44644498177196135
1954,-0.4731532383558008
1955,-0.4726584752726686
1956,-0.47851100913197653
1957,-0.5024378141402153
1958,-0.5088552944612212
1959,-0.5229101497863244
1960,-0.5328008757995513
1961,-0.552421387493051
1962,-0.5592882556823093
1963,-0.5784852967282265
1964,-0.5854469580612873
1965,-0.6011027858660858
1966,-0.6123471537843299
1967,-0.6265687158416362
1968,-0.6428208757580685
1969,-0.6550728749607775
1970,-0.6629411252288392
1971,-0.6785886251136051
1972,-0.6921136932426164
1973,-0.7055516309722296
1974,-0.7180886390008225
1975,-0.7312796448296404
1976,-0.7473354622841752
1977,-0.7599504722789348
1978,-0.7744099124642307
1979,-0.7950702414465067
1980,-0.7985276905033751
1981,-0.804435671606015
1982,-0.8250935436123454
1983,-0.8382912695286379
1984,-0.8541823844710931
1985,-0.8626346988818874
1986,-0.8839648629839195
1987,-0.9007253691322543
1988,-0.9098556680058663
1989,-0.927799549639357
1990,-0.9418460183537587
1991,-0.9563620699204478
1992,-0.9688330525457665
1993,-0.9874466565188962
1994,-1.0050099015238079
1995,-1.0196861895158205
1996,-1.0359737821243575
1997,-1.0449488525257713
1998,-1.0646493023066745
1999,-1.0454826199858585
2000,-1.0642716355013657
2001,-1.1093248978320898
2002,-1.1236655009757661
2003,-1.1272661612224852
2004,-1.1358898501772026
2005,-1.1428722504587812
2006,-1.1479070450278828
2007,-1.1557195055468563
2008,-1.1617427305745949
2009,-1.1739216737419609
2010,-1.179811956393297
2011,-1.187053008856803
2012,-1.1886751576769794
2013,-1.207881034410919
2014,-1.2171191796649774
2015,-1.2165049071077507
2016,-1.222992098766793
2017,-1.230429232182941
2018,-1.3011944099904238
2019,-1.3083321981002292
2020,-1.326295572467881
2021,-1.3418481825283544
2022,-1.3691531111269333
2023,-1.3846978166300408
2024,-1.3968877806455344
2025,-1.3862433878307292
2026,-1.3845763632921977
2027,-1.382599255185446
2028,-1.3825121903963826
2029,-1.4755799935094203
2030,-1.5273035856660995
2031,-1.5993713926418394
2032,-1.5460383425018516
2033,-1.5620097990263624
2034,-1.618384621384887
2035,-1.536785159981556
2036,-1.4598617307589952
2037,-1.4240342989268386
2038,-1.2255239731324403
2039,1.2237592537486535
2040,1.3047583885673633
2041,1.3179627539789633
2042,1.2418766954609675
2043,1.212080859230139
2044,1.1617557808581092
2045,1.1506089372009867
2046,1.125133358412382
2047,1.1033759483717254
2048,1.0922051796346421
2049,1.0818142089720104
2050,1.0591596692228173
2051,1.0302181256251228
2052,1.0245356016231078
2053,1.021973930793532
2054,1.0147568417470265
2055,1.0155685669525873
2056,1.0080822300251366
2057,1.0105768236846648
2058,1.007504912823221
2059,1.0010630336680661
2060,0.9988584059189718
2061,0.995547440774629
2062,0.98639641650679
2063,0.9568080722881109
2064,0.9474962859035785
2065,0.9412759089775959
2066,0.9213702456027613
2067,0.8970388348085603
2068,0.8866878903397679
2069,0.8736815441912427
2070,0.8608875984508635
2071,0.8487771848408516
2072,0.8345856118339345
2073,0.8224687551133588
2074,0.8100425641103421
2075,0.796649476997279
2076,0.78320151876095
2077,0.7695044022744971
2078,0.75753539619255
2079,0.7453137357745634
2080,0.7333565846780035
2081,0.7216376329584777
2082,0.7126904234566132
2083,0.6974715563709806
2084,0.6974715563709806
2085,0.6974715563709806
2086,0.6974715563709806
2087,0.6453648437898475
2088,0.5848629786479853
2089,0.5324891572025835
2090,0.48677697735732417
2091,0.48677697735732417
2092,0.48677697735732417
2093,0.48677697735732417
2094,0.48677697735732417
2095,0.48677697735732417
2096,0.4781376281592935
2097,0.4567969772028776
2098,0.4456992025254667
2099,0.42933415690150756
2100,0.4072671603404774
2101,0.390547120186002
2102,0.3720385808098279
2103,0.34295044956842946
2104,0.32607150297056753
2105,0.3143430149387386
2106,0.29337912353135087
2107,0.2663530604445609
2108,0.25594724243126854
2109,0.23550872439613074
2110,0.2297524143994059
2111,0.1899464594686412
2112,0.17641432913317828
2113,0.15244658009888923
2114,0.15140408214740786
2115,0.13723344414917205
2116,0.09886348381799909
2117,0.10327605307506138
2118,0.07154790826300561
2119,0.06120519422943915
2120,0.026117080443678886
2121,0.03428595696793463
2122,-0.0031656875295102416
2123,0.005259736002190624
2124,-0.012358331344458628
2125,-0.02471869095435164
2126,-0.05335436462713537
2127,-0.07406298425997437
2128,-0.08608128434058569
2129,-0.09027824432711594
2130,-0.09888665270832409
2131,-0.11218200173179532
2132,-0.11626438388265867
2133,-0.12483964198457992
2134,-0.13278738628749734
2135,-0.14451110825473912
2136,-0.16948716770585473
2137,-0.17143820874790708
2138,-0.1684187966314965
2139,-0.18031859840176312
2140,-0.17882318534726382
2141,-0.19105235862984024
2142,-0.1986040708802104
2143,-0.21219422620952316
2144,-0.2219037544344252
2145,-0.2500536001253323
2146,-0.249552802997143
2147,-0.2822976637482718
2148,-0.2932741071928302
2149,-0.29811698731877895
2150,-0.3042634798475228
2151,-0.32429437284021223
2152,-0.3340163445258553
2153,-0.35444184134859713
2154,-0.35867334387671185
2155,-0.3818711104188446
2156,-0.3963913331729888
2157,-0.4041308353777603
2158,-0.42175068562351525
2159,-0.43275506505702815
2160,-0.4435750276521498
2161,-0.4787437498485605
2162,-0.4728972840602099
2163,-0.4847135666625485
2164,-0.4991617213528824
2165,-0.5078476680828241
2166,-0.5227661024224968
2167,-0.5356246576888426
2168,-0.544422395900483
2169,-0.5657191683424206
2170,-0.5748954917860791
2171,-0.5932177797953396
2172,-0.6006752995511347
2173,-0.6177252438297008
2174,-0.6313063072978683
2175,-0.646478060699943
2176,-0.6768459038383423
2177,-0.6688615947957978
2178,-0.6818447363200935
2179,-0.6956769585185012
2180,-0.7020829029200018
2181,-0.7154638973421362
2182,-0.736025165775378
2183,-0.7497946906712023
2184,-0.761520720167633
2185,-0.777401753492857
2186,-0.7876937629550944
2187,-0.804220686044238
2188,-0.8121320143246049
2189,-0.8349509856911737
2190,-0.8446836032659838
2191,-0.8610156424743434
2192,-0.8761994504716923
2193,-0.8934557126061609
2194,-0.9024493164276988
2195,-0.9204121239873635
2196,-0.9385646817112873
2197,-0.9372368552075121
2198,-0.9654014374051048
2199,-0.9851013868733887
2200,-0.9951682929166665
2201,-1.0058420206731138
2202,-1.0305938213631793
2203,-1.0450606280273411
2204,-1.045362157552304
2205,-1.0793296776346664
2206,-1.09224206723031
2207,-1.1151715301632124
2208,-1.1215516391429148
2209,-1.1266703449194808
2210,-1.1339357302224264
2211,-1.1391789632850817
2212,-1.1401994199634315
2213,-1.1550982763512008
2214,-1.1593783563828666
2215,-1.1696705647070962
2216,-1.177840223184712
2217,-1.1840821887183646
2218,-1.1985918038282843
2219,-1.2076960953407667
2220,-1.2116121892972358
2221,-1.223240086197742
2222,-1.2246229154277133
2223,-1.2338154064583633
2224,-1.2997776916456631
2225,-1.2977205026772527
2226,-1.3273574245996
2227,-1.3536979195371996
2228,-1.3681664523011992
2229,-1.375072366711585
2230,-1.3891190217449108
2231,-1.3850692045395274
2232,-1.3754341311126017
2233,-1.3753544361805474
2234,-1.3943967313499401
2235,-1.477222285242727
2236,-1.5175955698459425
2237,-1.5103929519081518
2238,-1.568126260178579
2239,-1.4818648124085683
2240,-1.6037176048441542
2241,-1.5322238558081973
2242,-1.4558285085537341
2243,-1.4180028638307425
2244,-1.224561758990923
2245,1.2192065793270894
2246,1.3036785776699389
2247,1.3147099778480242
2248,1.235880975761643
2249,1.2057116727667327
2250,1.1594219790826417
2251,1.1399838306355297
2252,1.12161904183062
2253,1.1039406883072407
2254,1.0872751856814298
2255,1.0773474252805877
2256,1.0535777649097569
2257,1.0308359000607628
2258,1.022044319454161
2259,1.0183103263206372
2260,1.014768964218037
2261,1.0067650482571875
2262,1.0108139147177
2263,1.0039973320537063
2264,0.9982959981618773
2265,0.9920164027192764
2266,0.9970325508656179
2267,0.9952424560158795
2268,0.978605906904511
2269,0.9363869270488647
2270,0.9267820556842017
2271,0.9222386080033593
2272,0.9031914325509616
2273,0.8767943772680828
2274,0.8673230959903553
2275,0.8546337139283708
2276,0.8396147107619185
2277,0.8280843148170938
2278,0.8133436862117742
2279,0.8023157766272365
2280,0.7872186304356138
2281,0.7746498254316002
2282,0.762150455972983
2283,0.7500198398863523
2284,0.7329815359879912
2285,0.7225808555882589
2286,0.7107034427386281
2287,0.6982407087324082
2288,0.6974715563709806
2289,0.6974715563709806
2290,0.6963568367162737
2291,0.6461713733131869
2292,0.5771174071549952
2293,0.5478606004779902
2294,0.48677697735732417
2295,0.48677697735732417
2296,0.48677697735732417
2297,0.48677697735732417
2298,0.48677697735732417
2299,0.48677697735732417
2300,0.4675931810845664
2301,0.4576374840487234
2302,0.438599914748266
2303,0.4219686180889156
2304,0.3975885962837784
2305,0.3889511154011215
2306,0.38578089972978813
2307,0.34259012648233533
2308,0.32749272692838555
2309,0.31172589748522184
2310,0.2781626060344715
2311,0.2738754772404693
2312,0.24235799449505074
2313,0.23203281831338268
2314,0.20449000770138376
2315,0.19224161270576912
2316,0.17370448056101812
2317,0.14542554741521108
2318,0.13894951769844477
2319,0.13175762184927464
2320,0.11058425969303548
2321,0.07156354480668026
2322,0.063956674517757
2323,0.05672981075188224
2324,0.03075947514916605
2325,0.014651617747936607
2326,0.007069190836469091
2327,-0.00853478516238329
2328,-0.04589342530937936
2329,-0.056706464134807816
2330,-0.060480037955743846
2331,-0.09130646750544066
2332,-0.08412325606443474
2333,-0.096068313779521
2334,-0.10288876119211539
2335,-0.11946008200420666
2336,-0.12030148197636575
2337,-0.14047517898681014
2338,-0.1361137979215953
2339,-0.14986479339168018
2340,-0.15200308658176645
2341,-0.16499035606908272
2342,-0.16873017405170407
2343,-0.17984329374534475
2344,-0.18476834628284028
2345,-0.20087625407537435
2346,-0.2363382584780302
2347,-0.25478248171606044
2348,-0.24566880280906175
2349,-0.24698119726049975
2350,-0.26508221847048424
2351,-0.28338682633448187
2352,-0.30046386310745204
2353,-0.3094080172612542
2354,-0.31840886761529613
2355,-0.346667892274636
2356,-0.35769559414473495
2357,-0.3677987255228207
2358,-0.3802030002384585
2359,-0.41290791224732887
2360,-0.4092764860253264
2361,-0.42822718222507616
2362,-0.43590770043986576
2363,-0.44930509910018135
2364,-0.45951679250155164
2365,-0.47238741557752595
2366,-0.4842317206825701
2367,-0.501007271658944
2368,-0.5360233945216663
2369,-0.5262375532736301
2370,-0.5379243495576197
2371,-0.5432900817564226
2372,-0.5665101065815392
2373,-0.5775128153704631
2374,-0.5963475044033228
2375,-0.6094877793151107
2376,-0.6208783700190644
2377,-0.630805995118483
2378,-0.6452694051783376
2379,-0.6563044267276072
2380,-0.6723486854244991
2381,-0.6832147894458926
2382,-0.6840138967918874
2383,-0.7117927854258521
2384,-0.7099499531689819
2385,-0.7401349999076037
2386,-0.7530413652746909
2387,-0.767147689949494
2388,-0.7808168574707444
2389,-0.7953873101652627
2390,-0.8096339221665696
2391,-0.8228823414137468
2392,-0.8332963939629833
2393,-0.8348385389666775
2394,-0.8577561849839974
2395,-0.8744503170838479
2396,-0.8903639233882614
2397,-0.9010597613710942
2398,-0.9073189887274902
2399,-0.9307909071964872
2400,-0.9472874097892703
2401,-0.9624899709351145
2402,-0.9789818682662031
2403,-0.9928202394309188
2404,-1.000934813701804
2405,-1.0275321818050678
2406,-1.0375772097918026
2407,-1.0501597413920583
2408,-1.070468808295206
2409,-1.088256365988106
2410,-1.1003760405669878
2411,-1.112199800209518
2412,-1.124914849645767
2413,-1.1286968396032888
2414,-1.1341555039653857
2415,-1.1441406930763822
2416,-1.1492785319540675
2417,-1.1542302200524297
2418,-1.1651854065593565
2419,-1.172681567279173
2420,-1.1798770263266802
2421,-1.1864922747093756
2422,-1.1940810732373766
2423,-1.2090893909662364
2424,-1.2045481511841576
2425,-1.2209788227460312
2426,-1.229877474595149
2427,-1.2365143309571336
2428,-1.243510069216867
2429,-1.3039128112287446
2430,-1.3107608143990568
2431,-1.331168792135641
2432,-1.358910598106314
2433,-1.3849023064769712
2434,-1.3981775167675505
2435,-1.4137446735143873
2436,-1.3881275609716575
2437,-1.3921443660799977
2438,-1.4112002253046767
2439,-1.4599597296592195
2440,-1.4421670767556867
2441,-1.447120230967968
2442,-1.559770233016942
2443,-1.6044317783710103
2444,-1.5793507263303117
2445,-1.6130739262871097
2446,-1.5451943943548803
2447,-1.4678896086771265
2448,-1.4361301284697736
2449,1.0620215571320832
2450,1.1918738152274615
2451,1.3071915121849762
2452,1.2849360495387145
2453,1.2574209230133528
2454,1.1824228154852172
2455,1.1451621302616593
2456,1.117265499074032
2457,1.097934930826962
2458,1.084325372990301
2459,1.0747833920750716
2460,1.0521005628896838
2461,1.0274446306066611
2462,1.0173018524830424
2463,1.0147229668559583
2464,1.0064861168955996
2465,1.0068435581989554
2466,1.007533726442602
2467,1.0032761104181451
2468,0.9935972166153635
2469,0.9876833858619429
2470,0.9925003023026817
2471,0.9898471693679585
2472,0.9584080573677962
2473,0.9201746429521671
2474,0.9069502980422879
2475,0.9083637333184449
2476,0.8735380300631157
2477,0.8490760808888502
2478,0.8421467684996791
2479,0.8247700039017083
2480,0.8149421883279315
2481,0.7990801647059692
2482,0.7856629542425173
2483,0.7722487178985911
2484,0.7600612900157342
2485,0.7456255734435706
2486,0.7292243485321468
2487,0.717491036127025
2488,0.7002824303647617
2489,0.6974715563709806
2490,0.6974715563709806
2491,0.6974715563709806
2492,0.6390987072214482
2493,0.6231035397627398
2494,0.5728771759982159
2495,0.5251692259926023
2496,0.48677697735732417
2497,0.48677697735732417
2498,0.48677697735732417
2499,0.48677697735732417
2500,0.48677697735732417
2501,0.48677697735732417
2502,0.46419734161684856
2503,0.45099579485879715
2504,0.43393914996211136
2505,0.4040437695360246
2506,0.3935225295516839
2507,0.3718206471549529
2508,0.34205879944268236
2509,0.3171331327803235
2510,0.3161045159890448
2511,0.27851964860593315
2512,0.275186823709127
2513,0.2439013399235424
2514,0.22885663416482582
2515,0.2264040375141691
2516,0.20441469158307735
2517,0.18030007315227037
2518,0.16443365613881883
2519,0.14315234921130832
2520,0.14980249156385428
2521,0.10441187179830891
2522,0.07971225787329608
2523,0.07029648276247286
2524,0.07695172624604979
2525,0.044365664842049984
2526,0.03263712935394075
2527,0.018320698334545416
2528,0.01154684915669249
2529,-0.019490226950416495
2530,-0.06758867862601858
2531,-0.045751232692540694
2532,-0.07511740999798469
2533,-0.09184623022950841
2534,-0.11203686920294265
2535,-0.09947918640126618
2536,-0.12360273638805833
2537,-0.12554110976262023
2538,-0.13269210885420504
2539,-0.13898508051712716
2540,-0.15584851114683204
2541,-0.16774766446265152
2542,-0.16045417113430524
2543,-0.1761563120985407
2544,-0.18128464239172432
2545,-0.18212835816339334
2546,-0.19340359967750329
2547,-0.22438064939247174
2548,-0.22107420467970457
2549,-0.2340311779246243
2550,-0.26070702675869234
2551,-0.26355178963519255
2552,-0.2823842395466767
2553,-0.31161127693520335
2554,-0.3070181057727009
2555,-0.32744999233202843
2556,-0.33937266047338427
2557,-0.3510324211142422
2558,-0.37453837050792266
2559,-0.3855301203458026
2560,-0.39414877833815976
2561,-0.4107098593092049
2562,-0.42286320946030925
2563,-0.43569563660030486
2564,-0.456494997762353
2565,-0.46061009047517515
2566,-0.47652655116072
2567,-0.49136959878062453
2568,-0.5103356331505445
2569,-0.5095801118864831
2570,-0.528711001034028
2571,-0.5411313143929284
2572,-0.5588181518022295
2573,-0.5675647750766126
2574,-0.5789056871500045
2575,-0.5949235437900086
2576,-0.6076965812113141
2577,-0.6201641387893142
2578,-0.6345707262333687
2579,-0.6467996850160815
2580,-0.6802563176677552
2581,-0.6727912263010905
2582,-0.6850711365814985
2583,-0.6919401881345308
2584,-0.7129766849250402
2585,-0.7267508008749874
2586,-0.7388991958056893
2587,-0.7475948139619915
2588,-0.766707398232686
2589,-0.7809829925221442
2590,-0.7915440555837583
2591,-0.8033174307321362
2592,-0.819149339914893
2593,-0.8338334583068447
2594,-0.8441835764641343
2595,-0.863050563950228
2596,-0.863183549865107
2597,-0.8888596327427598
2598,-0.9034839531011464
2599,-0.9133202909594784
2600,-0.9275451567348685
2601,-0.9461188470440238
2602,-0.9519105253607969
2603,-0.9772561111322848
2604,-0.9872167513067314
2605,-1.0075179224430912
2606,-1.0253434271165227
2607,-1.0333692328794295
2608,-1.0537664166249425
2609,-1.069934321627238
2610,-1.0867971232495417
2611,-1.099182495984296
2612,-1.1126615046233477
2613,-1.1208878740966575
2614,-1.1246680735907302
2615,-1.1331870215116573
2616,-1.1433704189080354
2617,-1.148376453922823
2618,-1.1526036395922583
2619,-1.1518204116641795
2620,-1.1671443256289826
2621,-1.1737180510614813
2622,-1.1826552354284527
2623,-1.1835704667686575
2624,-1.2003413038137296
2625,-1.2104430360930567
2626,-1.2164688298899446
2627,-1.2254590004446222
2628,-1.2339317660602795
2629,-1.2402687930292982
2630,-1.2437973836516847
2631,-1.2416369704666477
2632,-1.3195060248640949
2633,-1.3142652501644478
2634,-1.342022556455048
2635,-1.3596296972502362
2636,-1.3889935729447238
2637,-1.409159466259867
2638,-1.4131856421967672
2639,-1.3955769328218506
2640,-1.402231016687376
2641,-1.4319324784285528
2642,-1.4281718081710773
2643,-1.44089894384344
2644,-1.5349850466942478
2645,-1.581933275573434
2646,-1.604347337991491
2647,-1.5733672509078431
2648,-1.6160981105104733
2649,-1.5456763800417952
2650,-1.4652236485450683
2651,-1.4237670654221293
2652,-1.2286386963771376
2653,1.2225499972512146
2654,1.2997319464956092
2655,1.3114411837408002
2656,1.2357220843091397
2657,1.2032271724582517
2658,1.1544630269961624
2659,1.1355744644572219
2660,1.1126319176397712
2661,1.0987654270364577
2662,1.081485984624897
2663,1.0736132229618984
2664,1.050102235433747
2665,1.0270363526144604
2666,1.016879545016524
2667,1.0101401556179774
2668,1.009851726329731
2669,1.0078282664811529
2670,1.0065826337559236
2671,0.9985430436518044
2672,0.9985120803614156
2673,0.9855419449272536
2674,0.9911795165208974
2675,0.9752468241105281
2676,0.9372131986913583
2677,0.9043067083505771
2678,0.8904792236931252
2679,0.8942199048908037
2680,0.8676754475019064
2681,0.8428658696518756
2682,0.8358901935986613
2683,0.8191653679605719
2684,0.8065937725514143
2685,0.7924651979975761
2686,0.7795962432721295
2687,0.7652040319298864
2688,0.750432712772485
2689,0.7380408060870534
2690,0.7249013549157859
2691,0.7104242062489492
2692,0.6975210694225408
2693,0.6974715563709806
2694,0.6974715563709806
2695,0.6943742643386388
2696,0.6487779264646559
2697,0.5984376666919966
2698,0.5551680790995578
2699,0.5036151407560887
2700,0.48677697735732417
2701,0.48677697735732417
2702,0.48677697735732417
2703,0.48677697735732417
2704,0.48677697735732417
2705,0.47063921395830777
2706,0.4553113641702641
2707,0.43096759259985007
2708,0.4080112926559547
2709,0.3997866027142222
2710,0.37295761624036916
2711,0.3463470488329855
2712,0.33036848550823217
2713,0.32149561847152486
2714,0.29261081638289654
2715,0.2835324758941148
2716,0.2700475941044803
2717,0.23581951544045615
2718,0.21366512087611395
2719,0.20192069167706977
2720,0.19884995076658457
2721,0.16383136744301435
2722,0.15825750942975159
2723,0.13683399504248367
2724,0.11426912558113278
2725,0.08983091451151937
2726,0.07055136879582319
2727,0.07084806274623573
2728,0.04008890314155264
2729,0.049924688557796804
2730,0.014751340670140278
2731,-0.006551970246017058
2732,-0.032513201041887235
2733,-0.05349521008087571
2734,-0.04930060521484317
2735,-0.08562416211710842
2736,-0.09185633470433216
2737,-0.08522103667909296
2738,-0.0947490966598858
2739,-0.11541646458403956
2740,-0.11563041045986241
2741,-0.12712636436727126
2742,-0.15444974889861854
2743,-0.14631114415370422
2744,-0.15924459941870098
2745,-0.1686746367787312
2746,-0.17918821025675147
2747,-0.18057405231907342
2748,-0.18409873199736168
2749,-0.20304942976352086
2750,-0.22034000158703043
2751,-0.21954363851478154
2752,-0.24152400302135985
2753,-0.23757908298967415
2754,-0.26347451931486576
2755,-0.28626119913023723
2756,-0.2896085276748326
2757,-0.31030382618660635
2758,-0.3237602204784803
2759,-0.3335592836467241
2760,-0.3536837948403576
2761,-0.3642591921109872
2762,-0.38200434828041846
2763,-0.3918727496887311
2764,-0.40513012904415135
2765,-0.41804009703061995
2766,-0.4372597047210681
2767,-0.4445905157383777
2768,-0.46108229735281603
2769,-0.47469759588914917
2770,-0.486454631289161
2771,-0.49898805942996527
2772,-0.5139622233866954
2773,-0.5208398484362464
2774,-0.537562157596032
2775,-0.5523324727796638
2776,-0.5667713611134094
2777,-0.5759431775202222
2778,-0.589442588433382
2779,-0.6042925814312256
2780,-0.616363368400563
2781,-0.6272942100174359
2782,-0.6469031479683964
2783,-0.6583432878088297
2784,-0.6764439482877889
2785,-0.6791375899028891
2786,-0.6999465539494611
2787,-0.7130872122802562
2788,-0.7173572476657835
2789,-0.7186822580577141
2790,-0.7532109743944788
2791,-0.7611809516937376
2792,-0.7779428509877527
2793,-0.7894235340774607
2794,-0.8056797551261649
2795,-0.8182652462567457
2796,-0.8345597077011293
2797,-0.8425501140589774
2798,-0.851673253748007
2799,-0.8732601943708118
2800,-0.8861485711581979
2801,-0.9060257342130325
2802,-0.9145327539961634
2803,-0.914890162949602
2804,-0.9455780567349747
2805,-0.9597398347671693
2806,-0.9755483288570477
2807,-0.9857518029948278
2808,-0.9981875992990248
2809,-1.014356634417115
2810,-1.030688686143728
2811,-1.048473311668896
2812,-1.060339923933356
2813,-1.076375580924726
2814,-1.0793082011867623
2815,-1.107361964227298
2816,-1.1197210103459216
2817,-1.1287510561587095
2818,-1.1346556749649566
2819,-1.1392563655714896
2820,-1.1470495217907657
2821,-1.1522068964064658
2822,-1.1603335888274515
2823,-1.1576330826678234
2824,-1.1677774098612521
2825,-1.1785290076011854
2826,-1.187409313557561
2827,-1.1959486688663357
2828,-1.2033656944367142
2829,-1.1908474454554092
2830,-1.219117588428556
2831,-1.2322762890520673
2832,-1.2369941094210775
2833,-1.2294621151973488
2834,-1.247808461778086
2835,-1.3148988545626938
2836,-1.3180126284047253
2837,-1.3403784147355982
2838,-1.3615915781134442
2839,-1.3753436749145838
2840,-1.40342056437856
2841,-1.4261624054067217
2842,-1.3877729807244288
2843,-1.3969582757288368
2844,-1.4460671657635253
2845,-1.3849020125588183
2846,-1.5019484021974758
2847,-1.4834236206450182
2848,-1.5541896845161944
2849,-1.571795015113337
2850,-1.5552617588235855
2851,-1.609870446253972
2852,-1.536600751880407
2853,-1.4684993330556502
2854,-1.4219161312408735
2855,-1.2270904764504815
2856,-0.3446394581086438
2857,1.3293034652700846
2858,1.3065528414889793
2859,1.2774391744275673
2860,1.190570505056051
2861,1.185311126866433
2862,1.1496677789742797
2863,1.1343674701129085
2864,1.1142875118162332
2865,1.0945781707109958
2866,1.0818942349234029
2867,1.0713388582389967
2868,1.049435331791299
2869,1.0261663016416995
2870,1.0159483432014678
2871,1.0132266699613308
2872,1.0091391319888596
2873,1.004764880163405
2874,1.0050524793404996
2875,1.0015431204629137
2876,0.9953088883214047
2877,0.9925676257276566
2878,0.9913886009878161
2879,0.9885254047674739
2880,0.9510229436958832
2881,0.9135738139692142
2882,0.8962680760329627
2883,0.8815560531568551
2884,0.8656353673402404
2885,0.843714440431832
2886,0.8335291878755127
2887,0.8195153046229824
2888,0.8046707125491654
2889,0.7920893344884155
2890,0.777138545653175
2891,0.7652556188825236
2892,0.7520357467220106
2893,0.7366447923809498
2894,0.7230006986262274
2895,0.7100791117960834
2896,0.6974715563709806
2897,0.6974715563709806
2898,0.6974715563709806
2899,0.6922948091937673
2900,0.6258303766551455
2901,0.5738492650901255
2902,0.5315510468486535
2903,0.48677697735732417
2904,0.48677697735732417
2905,0.48677697735732417
2906,0.48677697735732417
2907,0.48677697735732417
2908,0.48677697735732417
2909,0.46661652944878984
2910,0.46803081452959505
2911,0.42500059174085036
2912,0.39993790366753035
2913,0.39279004085669555
2914,0.3740951455430769
2915,0.3518790165231227
2916,0.3425971228015928
2917,0.33427610657282103
2918,0.2771648935844363
2919,0.2645295168616678
2920,0.24602807366142682
2921,0.22127768574977147
2922,0.20023484590977708
2923,0.20335557658264225
2924,0.16141450514075573
2925,0.1449978777400059
2926,0.14951617030302644
2927,0.12639616768959716
2928,0.10090560011237903
2929,0.06969395898219274
2930,0.07615090906915689
2931,0.05610832943977301
2932,0.030109458207827622
2933,0.00549249966716453
2934,0.009455630305760604
2935,-0.02056928055476609
2936,-0.030356488507809004
2937,-0.06037639049073018
2938,-0.07695513864245351
2939,-0.0844646066562349
2940,-0.09040133686515416
2941,-0.10433577155515687
2942,-0.11082423209892886
2943,-0.11931108255712992
2944,-0.12929148297682524
2945,-0.13804476251562015
2946,-0.1390251602589252
2947,-0.16299903269160576
2948,-0.16373654940740612
2949,-0.1706218105682362
2950,-0.17989673874317058
2951,-0.18037870763009453
2952,-0.19245038675550896
2953,-0.2308913349331335
2954,-0.22428410905538917
2955,-0.23799756667413102
2956,-0.25135462454792773
2957,-0.25923952073441026
2958,-0.29471516974982087
2959,-0.29725770299980897
2960,-0.3103750782017311
2961,-0.3294838995996425
2962,-0.3461391625835264
2963,-0.356452742815169
2964,-0.3969775728141059
2965,-0.3845360304462454
2966,-0.3963620922830021
2967,-0.4165155787848529
2968,-0.4306099906544879
2969,-0.43140788615048614
2970,-0.45041059161414454
2971,-0.4632170516325615
2972,-0.47724500459492636
2973,-0.48164728963180237
2974,-0.5002676618909271
2975,-0.5352242698859057
2976,-0.5314947781271405
2977,-0.5503895119715265
2978,-0.5553333144522336
2979,-0.5933158707883375
2980,-0.5785207256760823
2981,-0.595586094070047
2982,-0.6101615085059481
2983,-0.6228815648549436
2984,-0.626266765567778
2985,-0.6489033899175392
2986,-0.6526229150567217
2987,-0.6621527674754664
2988,-0.6867736165263063
2989,-0.6998230847355063
2990,-0.7151223476420175
2991,-0.7269279049697372
2992,-0.7410749936082761
2993,-0.7520155761038505
2994,-0.7642476994650009
2995,-0.7816757724980499
2996,-0.7967609558219653
2997,-0.8116208081091605
2998,-0.8207287996297636
2999,-0.8341898515751925
3000,-0.849263780785366
3001,-0.8614164531294182
3002,-0.877085401541069
3003,-0.8901662300828563
3004,-0.8611412437479513
3005,-0.9219650974805551
3006,-0.9329364915421122
3007,-0.9415236971235039
3008,-0.9492933532661986
3009,-0.958606948250303
3010,-0.9914893387528556
3011,-1.0074381485649342
3012,-1.007071496337643
3013,-1.0238776594307586
3014,-1.0485028799074916
3015,-1.0584651551190738
3016,-1.084958667891808
3017,-1.078053952362334
3018,-1.1160546135984704
3019,-1.1218543753872576
3020,-1.124819269017844
3021,-1.1342043902750854
3022,-1.126656640496698
3023,-1.1413029653583115
3024,-1.1522011206073428
3025,-1.1622303496821376
3026,-1.1637568357084453
3027,-1.1768123724644275
3028,-1.1861931095010534
3029,-1.1947393817745597
3030,-1.20455996351687
3031,-1.214800049549337
3032,-1.2216956196517548
3033,-1.2250680409153554
3034,-1.2383053655672476
3035,-1.233954939602201
3036,-1.2509461911817525
3037,-1.3121918142141689
3038,-1.3123187830271013
3039,-1.3464870850513089
3040,-1.3693204125107794
3041,-1.3883132915532088
3042,-1.4110331437539316
3043,-1.4196105864889115
3044,-1.402471165751766
3045,-1.405307718885301
3046,-1.4575270801598883
3047,-1.420878156133112
3048,-1.4498386434060229
3049,-1.5508882275140008
3050,-1.621029653929837
3051,-1.567352274829216
3052,-1.5660371664373536
3053,-1.6235955527294537
3054,-1.542130680944355
3055,-1.4678677471935788
3056,-1.4251079499401702
3057,-1.229823132151946
3058,-0.33887148848513077
3059,1.3325489432707291
3060,1.296375031117996
3061,1.2749908707926627
3062,1.1934044029437714
3063,1.185647537547192
3064,1.152863016103649
3065,1.1415146332185202
3066,1.1173320859754758
3067,1.0973899895122137
3068,1.082214698750326
3069,1.0733005681137535
3070,1.050885247301023
3071,1.026451202239401
3072,1.0184999422400012
3073,1.0143303718773709
3074,1.0064308929510268
3075,1.0077389969222448
3076,1.0069334792212257
3077,0.99726687206863
3078,0.9938939624091183
3079,0.9864384146094431
3080,0.9933577196113896
3081,0.9879251541886849
3082,0.9611501011962029
3083,0.9241568381184104
3084,0.9033316511310057
3085,0.9098187761682168
3086,0.8817971108114044
3087,0.8556356643664291
3088,0.845792119559104
3089,0.8308760572187004
3090,0.8169037530056467
3091,0.805485720749782
3092,0.7912377137814466
3093,0.7752767755491679
3094,0.7630651965605724
3095,0.7493134962737644
3096,0.7299272778999091
3097,0.723450757612491
3098,0.7114910623229758
3099,0.6974715563709806
3100,0.6974715563709806
3101,0.6974715563709806
3102,0.6831115280888442
3103,0.6260911504743871
3104,0.5846448480684608
3105,0.5193019062282866
3106,0.48677697735732417
3107,0.48677697735732417
3108,0.48677697735732417
3109,0.48677697735732417
3110,0.48677697735732417
3111,0.4800440777143399
3112,0.4659280142375186
3113,0.4458226232350784
3114,0.42764853887645227
3115,0.4193317934900209
3116,0.38263436196358136
3117,0.3746129326940203
3118,0.3409395594548721
3119,0.3159088818619273
3120,0.2951555207569018
3121,0.3042635625514486
3122,0.26610008606074564
3123,0.24688797601222945
3124,0.23125243861494382
3125,0.22906460260739603
3126,0.20415413353610745
3127,0.18623333332019615
3128,0.15471007536998732
3129,0.13680018134894018
3130,0.11751348057577665
3131,0.09618813891062139
3132,0.08670772100122853
3133,0.0660391047471788
3134,0.04713321771776302
3135,0.03963090056842519
3136,-0.0006191694227840605
3137,0.011086538090120002
3138,-0.025196594520319054
3139,-0.04971677767289
3140,-0.06637727202014318
3141,-0.06836444923777091
3142,-0.0749715284588525
3143,-0.08678969107036552
3144,-0.10178390007122784
3145,-0.10281155717584609
3146,-0.11582764181698185
3147,-0.12715550110654383
3148,-0.14685491537985051
3149,-0.14696699718936165
3150,-0.1522811589584872
3151,-0.16795022904137072
3152,-0.1683991259791231
3153,-0.17406071823685193
3154,-0.18233963613189363
3155,-0.18331967218205192
3156,-0.19013308547894617
3157,-0.21998087839861472
3158,-0.23513900841708982
3159,-0.25712990294920635
3160,-0.26674816899647924
3161,-0.2817851557890972
3162,-0.29850720469782227
3163,-0.3103077483977282
3164,-0.3245121485375093
3165,-0.35404627213987255
3166,-0.353931937520947
3167,-0.3665619890870314
3168,-0.38048625807074815
3169,-0.4010825579884158
3170,-0.40850094109327806
3171,-0.4166828105682236
3172,-0.43286172135477885
3173,-0.44763759881824977
3174,-0.457653536563128
3175,-0.48475086654226884
3176,-0.48259769987039036
3177,-0.49455694107478254
3178,-0.5150971196863818
3179,-0.5164947103648235
3180,-0.5337558627200361
3181,-0.5501744131434936
3182,-0.567749433526854
3183,-0.588252806812647
3184,-0.591395116893653
3185,-0.6116483125764341
3186,-0.6202925362473427
3187,-0.6329415344590518
3188,-0.6446544787047939
3189,-0.6249141619292334
3190,-0.6752143909968304
3191,-0.6621668131977447
3192,-0.7039952429671675
3193,-0.7144939839702396
3194,-0.7267369597384764
3195,-0.7400014856408133
3196,-0.754762500266103
3197,-0.7694528650089278
3198,-0.7756274412069486
3199,-0.7906996585962162
3200,-0.8075846237892293
3201,-0.8245676856037465
3202,-0.8328488761382529
3203,-0.8504302685603451
3204,-0.8629193662801422
3205,-0.8771959059986503
3206,-0.8886277079632637
3207,-0.9036795624181418
3208,-0.919105854682523
3209,-0.9251530775234766
3210,-0.9369758896556297
3211,-0.9681951125934021
3212,-0.9787293210708613
3213,-0.9915772021926776
3214,-1.0042145130356943
3215,-1.0257002109982156
3216,-1.0448810647502733
3217,-1.0455231472103697
3218,-1.0550119618171483
3219,-1.0861227538850868
3220,-1.103439906666027
3221,-1.1176567438650449
3222,-1.1252453905847046
3223,-1.1305024028927622
3224,-1.1363611188255407
3225,-1.1363934435313503
3226,-1.1413255697800668
3227,-1.1534130024705165
3228,-1.162343280878887
3229,-1.1558825721112826
3230,-1.1729151437949743
3231,-1.1849764376188325
3232,-1.1972200398160135
3233,-1.207169706036893
3234,-1.2132375886316216
3235,-1.21375782050574
3236,-1.2219994547385884
3237,-1.2381160862817342
3238,-1.2382504279177269
3239,-1.2423981979970364
3240,-1.315505635583939
3241,-1.3198369878678735
3242,-1.3511065485259954
3243,-1.3669746412366244
3244,-1.3971721007337328
3245,-1.4164434652881672
3246,-1.4348149614363623
3247,-1.4147824615860203
3248,-1.4257907912366812
3249,-1.4849094620161654
3250,-1.4909863093613407
3251,-1.451234395306832
3252,-1.5228106558134065
3253,-1.5751263567714635
3254,-1.5878680955751734
3255,-1.5844695234534667
3256,-1.6155621549292385
3257,-1.5457710494150891
3258,-1.4696328631700344
3259,-1.4282439990828668
3260,1.0617723912956367
3261,1.1910891370296304
3262,1.3072146280686785
3263,1.2770158067764776
3264,1.2607642352619148
3265,1.1764828414882391
3266,1.1486208268575697
3267,1.1170038317077
3268,1.0957447383731769
3269,1.0822534886034199
3270,1.0733063509644918
3271,1.0510011871399356
3272,1.0254387132564506
3273,1.0149675817732327
3274,1.0137697837443576
3275,1.009356425467306
3276,1.0099465785729822
3277,1.0061777307305935
3278,1.0026784673683864
3279,0.998249401093986
3280,0.9939390669116315
3281,0.9925345372324916
3282,0.9852649320347324
3283,0.9895733452831412
3284,0.9148765720150347
3285,0.9066934741070787
3286,0.9179174053394275
3287,0.8821341232759687
3288,0.8547029356085978
3289,0.8443107481542209
3290,0.8303746457184273
3291,0.8169053365470311
3292,0.8033983859291791
3293,0.7873352070898907
3294,0.780470598293947
3295,0.7631557534060358
3296,0.748512496163035
3297,0.7356471900231087
3298,0.7228972422542755
3299,0.7097740084646317
3300,0.6974715563709806
3301,0.6974715563709806
3302,0.6974715563709806
3303,0.6883732757496296
3304,0.6276403211356731
3305,0.5762252178538189
3306,0.5048135823642157
3307,0.5329491669291968
3308,0.48677697735732417
3309,0.48677697735732417
3310,0.48677697735732417
3311,0.48677697735732417
3312,0.48677697735732417
3313,0.46255583258146116
3314,0.4391068413530941
3315,0.42422224005437714
3316,0.3992583739677067
3317,0.37873861151350907
3318,0.35809512756459827
3319,0.35847643166924004
3320,0.3218194420428523
3321,0.27223995084134656
3322,0.2902154359786294
3323,0.24872625757173383
3324,0.25883209834014537
3325,0.2195367990864983
3326,0.21312701754310065
3327,0.1829845519222984
3328,0.15695999772371177
3329,0.14497782961226335
3330,0.13429091304461938
3331,0.11403492454473507
3332,0.07961778784827439
3333,0.06744042458291738
3334,0.06040617771594045
3335,0.03710603047995367
3336,0.02332256692282547
3337,-0.011003306365089172
3338,-0.030936342616652457
3339,-0.05434817465595973
3340,-0.06432684550832331
3341,-0.04537192044383158
3342,-0.07286684699010783
3343,-0.08814960687746122
3344,-0.11722526864816801
3345,-0.10321379265440991
3346,-0.13063343051495097
3347,-0.1302228277249966
3348,-0.1350424479874408
3349,-0.1480707584903046
3350,-0.16953649798182854
3351,-0.17839203571450973
3352,-0.17078115541878014
3353,-0.17662404599796666
3354,-0.18453523453107865
3355,-0.1831902725496369
3356,-0.20289194789309925
3357,-0.22454054537488033
3358,-0.26651594957083313
3359,-0.2598146919183282
3360,-0.2720651781963442
3361,-0.29266350643307304
3362,-0.2932108239709631
3363,-0.3047090776760687
3364,-0.31887713579665394
3365,-0.3363023342844238
3366,-0.3286106560306168
3367,-0.3614947240959902
3368,-0.37619294549061044
3369,-0.3938905286854144
3370,-0.4051132208761288
3371,-0.42448128627229786
3372,-0.43209689500206583
3373,-0.4596372980842699
3374,-0.4567494583910332
3375,-0.47011932181127164
3376,-0.4856334225340163
3377,-0.5011618167858989
3378,-0.5104933112559684
3379,-0.5166256509162235
3380,-0.5346844537194322
3381,-0.5542579157891041
3382,-0.5695013242417795
3383,-0.581816387445953
3384,-0.5938962085399938
3385,-0.6053122478636779
3386,-0.6226354168642663
3387,-0.6338001870829493
3388,-0.6449702858734386
3389,-0.6558725528308458
3390,-0.6714326129155952
3391,-0.6854663600285851
3392,-0.7006645155164758
3393,-0.7131330362705866
3394,-0.726847316862502
3395,-0.7374717067005587
3396,-0.7560778909716466
3397,-0.7675030439196043
3398,-0.7770183783140827
3399,-0.793425859040744
3400,-0.8068917997813785
3401,-0.819528090423602
3402,-0.8311336318611255
3403,-0.8531008013159586
3404,-0.8602793146088965
3405,-0.8777450862812748
3406,-0.8878600333772053
3407,-0.9055371650482869
3408,-0.9211988091295129
3409,-0.9324392603348403
3410,-0.9434322394366528
3411,-0.9588401601572567
3412,-0.9760164342846854
3413,-0.9882613658616861
3414,-1.0058320623172659
3415,-1.0108673233499723
3416,-1.0244534743790383
3417,-1.0398563437850288
3418,-1.0643889682937386
3419,-1.0843076078449347
3420,-1.0815456446741762
3421,-1.1150929828325424
3422,-1.1198439942730993
3423,-1.1130191875559814
3424,-1.12856220854107
3425,-1.13014824480801
3426,-1.1479736611760052
3427,-1.1552089546801387
3428,-1.1550786118914367
3429,-1.1667004818851683
3430,-1.1809053266953444
3431,-1.1912072656884263
3432,-1.2009369912678571
3433,-1.2033955141497665
3434,-1.2159450288343807
3435,-1.2247718924693638
3436,-1.2327428774124227
3437,-1.236569376064824
3438,-1.2389242140435823
3439,-1.312085984278076
3440,-1.3217014394209032
3441,-1.3510421090973852
3442,-1.3768522242850065
3443,-1.3988109418780308
3444,-1.5013159205988953
3445,-1.4268551178801334
3446,-1.4093105573877738
3447,-1.4114737871483598
3448,-1.4466431078146367
3449,-1.487613940864779
3450,-1.5265485601388398
3451,-1.5396916003519037
3452,-1.5842121809059893
3453,-1.5725627260334334
3454,-1.5833805730264512
3455,-1.6211020244679297
3456,-1.540417235710756
3457,-1.4658405144659885
3458,-1.4302622542079395
